unit,power_MW,Pmin_MW,Pmax_MW,cost_$/h
P1,446.70726982896156,100.0,500.0,4763.782583229044
P2,171.25798917541857,50.0,200.0,2191.2082308900594
P3,264.10565410359925,80.0,300.0,3092.6642286460037
P4,125.21676456389248,50.0,150.0,1718.4975533534607
P5,172.1188632231637,50.0,200.0,2264.2472884610916
P6,83.5934591049642,50.0,120.0,1245.5305072980702
TOTAL,1263.0,380.0,1470.0,15275.930391877726
DEMAND,1263.0,,,
ABS_ERROR_MW,0.0,,,
